17,10.215.173.1,43883,67.215.246.10,6881,10702,HappyMod,com.happymod.apk,BitTorrent,Closed,router.bittorrent.com,743,2570,5,5,2025-09-17T03:54:31.602-05:00,2025-09-17T03:54:31.705-05:00,
17,10.215.173.1,43883,87.98.162.88,6881,10702,HappyMod,com.happymod.apk,BitTorrent,Closed,dht.transmissionbt.com,743,1903,5,5,2025-09-17T03:54:31.605-05:00,2025-09-17T03:54:31.751-05:00,
17,10.215.173.1,43883,212.129.33.59,6881,10702,HappyMod,com.happymod.apk,BitTorrent,Error,dht.transmissionbt.com,743,0,5,0,2025-09-17T03:54:31.613-05:00,2025-09-17T03:54:31.615-05:00,
17,10.215.173.1,43883,36.151.181.224,6886,10702,HappyMod,com.happymod.apk,BitTorrent,Closed,,132,338,1,1,2025-09-17T03:54:31.892-05:00,2025-09-17T03:54:32.187-05:00,
17,10.215.173.1,43883,70.108.27.76,8999,10702,HappyMod,com.happymod.apk,BitTorrent,Closed,,264,676,2,2,2025-09-17T03:54:46.610-05:00,2025-09-17T03:54:46.986-05:00,
17,10.215.173.1,43883,114.230.238.36,6884,10702,HappyMod,com.happymod.apk,BitTorrent,Closed,,132,338,1,1,2025-09-17T03:54:46.852-05:00,2025-09-17T03:54:47.086-05:00,
17,10.215.173.1,43883,195.154.227.189,8999,10702,HappyMod,com.happymod.apk,BitTorrent,Closed,,132,338,1,1,2025-09-17T03:54:46.856-05:00,2025-09-17T03:54:46.987-05:00,
17,10.215.173.1,43883,94.23.26.32,51413,10702,HappyMod,com.happymod.apk,BitTorrent,Closed,,132,311,1,1,2025-09-17T03:54:46.861-05:00,2025-09-17T03:54:46.987-05:00,
17,10.215.173.1,43883,112.82.166.86,6887,10702,HappyMod,com.happymod.apk,BitTorrent,Closed,,132,338,1,1,2025-09-17T03:54:46.878-05:00,2025-09-17T03:54:47.120-05:00,
17,10.215.173.1,43883,185.92.69.253,51413,10702,HappyMod,com.happymod.apk,BitTorrent,Closed,,132,311,1,1,2025-09-17T03:54:46.887-05:00,2025-09-17T03:54:47.036-05:00,
17,10.215.173.1,43883,85.144.232.97,6881,10702,HappyMod,com.happymod.apk,BitTorrent,Closed,,132,338,1,1,2025-09-17T03:54:46.895-05:00,2025-09-17T03:54:47.024-05:00,
17,10.215.173.1,43883,95.211.168.245,56881,10702,HappyMod,com.happymod.apk,BitTorrent,Closed,,132,338,1,1,2025-09-17T03:54:46.909-05:00,2025-09-17T03:54:47.037-05:00,
17,10.215.173.1,43883,36.151.164.44,6887,10702,HappyMod,com.happymod.apk,BitTorrent,Closed,,132,0,1,0,2025-09-17T03:54:46.913-05:00,2025-09-17T03:54:46.913-05:00,
17,10.215.173.1,43883,116.197.224.64,6881,10702,HappyMod,com.happymod.apk,BitTorrent,Closed,,132,338,1,1,2025-09-17T03:54:46.928-05:00,2025-09-17T03:54:47.168-05:00,
17,10.215.173.1,43883,221.229.52.90,6892,10702,HappyMod,com.happymod.apk,BitTorrent,Closed,,132,338,1,1,2025-09-17T03:54:46.932-05:00,2025-09-17T03:54:47.169-05:00,
17,10.215.173.1,43883,45.136.230.52,8999,10702,HappyMod,com.happymod.apk,BitTorrent,Closed,,132,338,1,1,2025-09-17T03:54:46.947-05:00,2025-09-17T03:54:47.072-05:00,
17,10.215.173.1,43883,82.64.220.118,6881,10702,HappyMod,com.happymod.apk,BitTorrent,Closed,,132,338,1,1,2025-09-17T03:54:46.953-05:00,2025-09-17T03:54:47.098-05:00,
17,10.215.173.1,43883,114.80.9.220,6885,10702,HappyMod,com.happymod.apk,BitTorrent,Closed,,132,338,1,1,2025-09-17T03:54:46.955-05:00,2025-09-17T03:54:47.202-05:00,
17,10.215.173.1,43883,223.109.206.212,6882,10702,HappyMod,com.happymod.apk,BitTorrent,Closed,,132,338,1,1,2025-09-17T03:54:46.957-05:00,2025-09-17T03:54:47.211-05:00,
17,10.215.173.1,43883,31.181.235.120,51413,10702,HappyMod,com.happymod.apk,BitTorrent,Closed,,132,311,1,1,2025-09-17T03:54:46.959-05:00,2025-09-17T03:54:47.141-05:00,
17,10.215.173.1,43883,176.135.186.242,6881,10702,HappyMod,com.happymod.apk,BitTorrent,Closed,,132,326,1,1,2025-09-17T03:54:46.964-05:00,2025-09-17T03:54:51.262-05:00,
17,10.215.173.1,43883,78.181.133.92,26898,10702,HappyMod,com.happymod.apk,BitTorrent,Closed,,132,338,1,1,2025-09-17T03:54:46.970-05:00,2025-09-17T03:54:47.140-05:00,
17,10.215.173.1,43883,77.82.201.194,6881,10702,HappyMod,com.happymod.apk,BitTorrent,Closed,,132,338,1,1,2025-09-17T03:54:46.978-05:00,2025-09-17T03:54:47.274-05:00,
